Identifier,StructureData,Polymer EntityData,,,,,,,,,,
Entry ID,PDB ID,Sequence,Total Number of polymer Entity Instances (Chains) per Entity,Macromolecule Name,Macromolecule Name,Auth Asym ID,Source Organism,Taxonomy ID,Annotation Identifier,Entity ID,Entry Id (Polymer Entity Identifiers),Database Name
3RFS,3RFS,ETITVSTPIKQIFPDDAFAETIKANLKKKSVTDAVTQNELNSIDQIIANNSDIKSVQGIQYLPNVRYLALGGNKLHDISALKELTNLTYLILTGNQLQSLPNGVFDKLTNLKELVLVENQLQSLPDGVFDKLTNLTYLNLAHNQLQSLPKGVFDKLTNLTELDLSYNQLQSLPEGVFDKLTQLKDLRLYQNQLKSVPDGVFDRLTSLQYIWLHDNPWDCTCPGIRYLSEWINKHSGVVRNSAGSVAPDSAKCSGSGKPVRSIICPTHHHHHH,2,"Internalin B, repeat modules, Variable lymphocyte receptor B","Internalin B, repeat modules, Variable lymphocyte receptor B",A,Listeria monocytogenes 08-5923,637381,"PF13855, PF11921, IPR025875, IPR032675, IPR000372, GO:0016020, IPR024592, IPR043326, IPR001611, IPR003591, GO:0007409, GO:1905606",1,3RFS,UniProt
,,,,,,B,Eptatretus burgeri,7764,,,,
,,,,,,,synthetic construct,32630,,,,
3RFJ,3RFJ,ETITVSTPIKQIFPDDAFAETIKANLKKKSVTDAVTQNELNSIDQIIANNSDIKSVQGIQYLPNVRYLALGGNKLHDISALKELTNLTYLILTGNQLQSLPNGVFDKLTNLKELVLVENQLQSLPDGVFDKLTNLTYLYLYHNQLQSLPKGVFDKLTNLTRLDLDNNQLQSLPEGVFDKLTQLKQLSLNDNQLKSVPDGVFDRLTSLTHIWLLNNPWDCACSDILYLSRWISQHPGLVFGYLNLDPDSARCSGTNTPVRAVTEASTSPSKCPGHHHHHH,1,"Internalin B, repeat modules, Variable lymphocyte receptor","Internalin B, repeat modules, Variable lymphocyte receptor",A,Listeria monocytogenes 08-5923,637381,"PF13855, PF11921, IPR032675, IPR000372, IPR024592, IPR001611, IPR003591",1,3RFJ,UniProt
,,,,,,,Petromyzon marinus,7757,,,,
,,,,,,,synthetic construct,32630,,,,
5VID,5VID,GPLGSEILNNIILNLRYKDNNLIDLSGYGAKVEVYDGVELNDKNQFKLTSSANSKIRVTQNQNIIFNSVFLDFSVSFWIRIPKYKNDGIQNYIHNEYTIINCMKNNSGWKISIRGNRIIWTLIDINGKTKSVFFEYNIREDISEYINRWFFVTITNNLNNAKIYINGKLESNTDIKDIREVIANGEIIFKLDGDIDRTQFIWMKYFSIFNTELSQSNIEERYKIQSYSEYLKDFWGNPLMYNKEYYMFNAGNKNSYIKLKKDSPVGEILTRSKYNQNSKYINYRDLYIGEKFIIRRKSNSQSINDDIVRKEDYIYLDFFNLNQEWRVYTYKYFKKEEEKLFLAPISDSDEFYNTIQIKEYDEQPTYSCQLLFKKDEESTDEIGLIGIHRFYESGIVFEEYKDYFCISKWYLKEVKRKPYNLKLGCNWQFIPKDEGWTE,5,Botulinum neurotoxin type B,"Botulinum neurotoxin type B, BoNT/B, Bontoxilysin-B",D,Clostridium botulinum,1491,"PF07953, PF07951, IPR000395, GO:0016020, IPR012928, IPR012500, GO:0008289, GO:0008320, GO:0005576, IPR011065, IPR013104, GO:0004222, GO:0090729, IPR013320, GO:0020002, GO:0044231, GO:0008270, GO:0006508, IPR036248, GO:0044164, GO:0044161",1,5VID,UniProt
,,,,,,B,,,,,,
,,,,,,C,,,,,,
,,,,,,A,,,,,,
,,,,,,E,,,,,,
,,MGSSHHHHHHSSGLVPRGSHMQPMFAELKAKFFLEIGDRDAARNALRKAGYSDEEAERIIRKYELE,4,Bot.0671.2,Bot.0671.2,F,unidentified,32644,,2,5VID,
,,,,,,G,,,,,,
,,,,,,H,,,,,,
,,,,,,I,,,,,,
5VMR,5VMR,GPLGSEILNNIILNLRYKDNNLIDLSGYGAKVEVYDGVELNDKNQFKLTSSANSKIRVTQNQNIIFNSVFLDFSVSFWIRIPKYKNDGIQNYIHNEYTIINCMKNNSGWKISIRGNRIIWTLIDINGKTKSVFFEYNIREDISEYINRWFFVTITNNLNNAKIYINGKLESNTDIKDIREVIANGEIIFKLDGDIDRTQFIWMKYFSIFNTELSQSNIEERYKIQSYSEYLKDFWGNPLMYNKEYYMFNAGNKNSYIKLKKDSPVGEILTRSKYNQNSKYINYRDLYIGEKFIIRRKSNSQSINDDIVRKEDYIYLDFFNLNQEWRVYTYKYFKKEEEKLFLAPISDSDEFYNTIQIKEYDEQPTYSCQLLFKKDEESTDEIGLIGIHRFYESGIVFEEYKDYFCISKWYLKEVKRKPYNLKLGCNWQFIPKDEGWTE,2,Botulinum neurotoxin type B,"Botulinum neurotoxin type B, BoNT/B, Bontoxilysin-B",A,Clostridium botulinum,1491,"PF07953, PF07951, IPR000395, GO:0016020, IPR012928, IPR012500, GO:0008289, GO:0008320, GO:0005576, IPR011065, IPR013104, GO:0004222, GO:0090729, IPR013320, GO:0020002, GO:0044231, GO:0008270, GO:0006508, IPR036248, GO:0044164, GO:0044161",1,5VMR,UniProt
,,,,,,B,,,,,,
,,PDMFCALKIKFFLEIGDEDAARKAAKKCGYSEEQAERIIKKNL,2,Bot.2110.4,Bot.2110.4,C,unidentified,32644,,2,5VMR,
,,,,,,D,,,,,,
2P0X,2P0X,GSFRVKPCVVCKVAPRDWRVKNRHLRIYNMCKTCFNNSIKSGDDTYHGHVDWLMYTDAKEFSST,1,"abiotic ATP-binding, folding optimized protein","abiotic ATP-binding, folding optimized protein",A,synthetic gene,2005392,,1,2P0X,
5KWD,5KWD,STEGKMLIIAAREGMIIVVIVLLEKGADPNASDKDGRTPLHYAAENGHLIIVLLLLEKGADPNAKDSDGRTPLHYAAENGHKEIVEALLEHGADPNAKDSDGRTPLHYAAENGHKEIVKLLLSKGADPNTSDSDGRTPLDLAREHGNEEIVKLLEHHHHH,4,Ankyrin repeat-containing protein,Ankyrin repeat-containing protein,A,Metallosphaera yellowstonensis MK1,671065,,1,5KWD,
,,,,,,B,,,,,,
,,,,,,C,,,,,,
,,,,,,D,,,,,,
4JW3,4JW3,AAPTATVTPSSGLSDGTVVKVAGAGLQAGTAYWVAQWARVDTGVWAYNPADNSSVTADANGSASTSLTVRRSFEGFLFDGTRWGTVDCTTAACQVGLSDAAGNGPEGVAISFAAHHHHHH,2,Neocarzinostatin,"Neocarzinostatin, Mitomalcin, MMC",A,Streptomyces malayensis,1918,"PF00960, GO:0003677, IPR002186, GO:0042742, IPR027273",1,4JW3,UniProt
,,,,,,B,,,,,,
,,MRGSHHHHHHTDPEKVEMYIKNLQDDSYFVRRAAAAALGKIGDERAVEPLIKALKDEDRFVRSSAAYALGEIGDERAVEPLIKALKDEDWFVRRAAAVALGEIGGERVRAAMEKLAETGTGFARKVAVNYLETHKSLIS,2,Alpha-helical artificial proteins,Alpha-helical artificial proteins,C,synthetic construct,32630,,2,4JW3,
,,,,,,D,,,,,,
7YH8,7YH8,LPVEKIIREAKKILDELLKRGLIDPELARIAREVLERARKLGNEEAARFVLELIERLRRELS,2,L-19437,L-19437,A,synthetic construct,32630,,1,7YH8,
,,,,,,C,,,,,,
,,DEHELLETAARWFYEIAKR,2,D-Pep-1,D-Pep-1,B,artificial sequences,81077,,2,7YH8,
,,,,,,D,,,,,,
4PNB,4PNB,XGEIAQSIKEIAKSIKEIAWSIKEIAQSIKG,4,CC-Hex3,CC-Hex3,A,saltans group,32360,,1,4PNB,
,,,,,,B,,,,,,
,,,,,,C,,,,,,
,,,,,,D,,,,,,
1LE3,1LE3,GEWTWDDATKTWTWTEX,1,Tryptophan Zipper 4,"Tryptophan Zipper 4, immunoglobulin G binding protein G",A,,,"PF01378, IPR009063, IPR019950, IPR005877, IPR000724, GO:0005576, GO:0019864, IPR035152, IPR019931",1,1LE3,UniProt
,,,,,,,Streptococcus sp. group G,1320,,,,
4OYD,4OYD,SAYSTREILLALCIRDSRVHGNGTLHPVLELAARETPLRLSPEDTVVLRYHVLLEEIIERNSETFTETWNRFITHTEHVDLDFNSVFLEIFHRGDPSLGRALAWMAWCMHACRTLCCNQSTPYYVVDLSVRGMLEASEGLDGWIHQQGGWSTLIEDNI,2,Apoptosis regulator BHRF1,"Apoptosis regulator BHRF1, Early antigen protein R, EA-R, Nuclear antigen",A,Epstein-barr virus strain ag876,82830,"PF00452, IPR020726, IPR036834, GO:0033644, GO:0042981, GO:0016020, IPR002475, IPR046371, GO:0033650",1,4OYD,UniProt
,,,,,,C,,,,,,
,,ADPKKVLDKAKDQAENRVRELKQKLEELYKEARKLDLTQEMRRKLELRYIAAMLMAIGDIYNAIRQAKQEADKLKKAGLVNSQQLDELKRRLEELKEEASRKARDYGREFQLKLEYG,2,Computationally designed Inhibitor,Computationally designed Inhibitor,B,synthetic construct,32630,,2,4OYD,
,,,,,,D,,,,,,
6R5Y,6R5Y,GAMGSSSVWGVAFSPDGQTIASASDDKTVKLWNRNGQLLQTLTGHSSSVWGVAFSPDGQTIASASDDKTVKLWNRNGQLLQTLTGHSSSVWGVAFSPDGQTIASASDDKTVKLWNRNGQLLQTLTGHSSSVWGVAFSPDGQTIASASDDKTVKLWNRNGQLLQTLTGH,6,WD-40 repeat protein,"WD-40 repeat protein, 8-bladed beta-propeller formed by two 4-bladed fragments",A,Nostoc punctiforme,272131,"PF00400, IPR011047, IPR007926, IPR001680, GO:0016020, IPR019775, IPR020472, IPR036322, IPR015943, IPR027417",1,6R5Y,UniProt
,,,,,,B,,,,,,
,,,,,,C,,,,,,
,,,,,,D,,,,,,
,,,,,,E,,,,,,
,,,,,,F,,,,,,
6R60,6R60,GAMGSSSVWGVAFSPDGQTIASASDDKTVKLWNRNGQLLQTLTGHSSSVWGVAFSPDGQTIASASDDKTVKLWNRNGQLLQTLTGHSSSVWGVAFSPDGQTIASASDDKTVKLWNRNGQLLQTLTGHSSSVWGVAFSPDGQTIASASDDKTVKLWNRNGQLLQTLTGHSSSVWGVAFSPDGQTIASASDDKTVKLWNRNGQLLQTLTGH,4,WD-40 repeat protein,"WD-40 repeat protein, asymmetric antiparallel assembly of two 5-bladed beta-propeller fragments",A,Nostoc punctiforme,272131,"PF05262, PF00400, IPR011047, IPR007926, IPR001680, GO:0016020, IPR019775, IPR020472, IPR036322, IPR015943, IPR027417",1,6R60,UniProt
,,,,,,B,,,,,,
,,,,,,C,,,,,,
,,,,,,D,,,,,,
4ATZ,4ATZ,MAHHHHHHGSGAITVGNKNNDKLTLWTTPAPSPNCRLNAEKDAKLTLVLTKCGSQILATVSVLAVKGSLAPISGTVQSAHLIIRFDENGVLLNNSFLDPEYWNFRNGDLTEGNAVGFMPNLSAYPKSHGKTAKSNIVSQVYLNGDKTKPVTLTITLNGTQETGDTTPSAYSMSFSWDWSGHNYINEIFATSSYTFSYIAQE,3,Fiber protein,"Fiber protein, SPIKE, Protein IV",A,Human adenovirus 5,28285,"PF00541, IPR009013, GO:0098022, IPR000978, IPR008982, GO:0042025, GO:0046718, GO:0098671, IPR000931, GO:0007155, IPR000939",1,4ATZ,UniProt
,,,,,,B,,,,,,
,,,,,,C,,,,,,
,,DLGKKLLEAARAGQDDEVRILMANGADANAYDHYGRTPLHMAAAVGHLEIVEVLLRNGADVNAVDTNGTTPLHLAASLGHLEIVEVLLKYGADVNAKDATGITPLYLAAYWGHLEIVEVLLKHGADVNAQDKFGKTAFDISIDIGNEDLAEILQ,3,DESIGNED ANKYRIN REPEAT PROTEIN,DESIGNED ANKYRIN REPEAT PROTEIN,D,synthetic construct,32630,,2,4ATZ,
,,,,,,E,,,,,,
,,,,,,F,,,,,,
3R2X,3R2X,ADPGDTICIGYHANNSTDTVDTVLEKNVTVTHSVNLLEDSHNGKLCKLKGIAPLQLGKCNIAGWLLGNPECDLLLTASSWSYIVETSNSENGTCYPGDFIDYEELREQLSSVSSFEKFEIFPKTSSWPNHETTKGVTAACSYAGASSFYRNLLWLTKKGSSYPKLSKSYVNNKGKEVLVLWGVHHPPTGTDQQSLYQNADAYVSVGSSKYNRRFTPEIAARPKVRDQAGRMNYYWTLLEPGDTITFEATGNLIAPWYAFALNRGSGSGIITSDAPVHDCNTKCQTPHGAINSSLPFQNIHPVTIGECPKYVRSTKLRMATGLRNIPSIQSR,1,Hemagglutinin,"Hemagglutinin, 1918 hemagglutinin receptor binding domain",A,Influenza A virus (A/Brevig Mission/1/1918(H1N1)),88776,"PF00509, GO:0039654, GO:0019064, GO:0016020, GO:0019062, IPR001364, IPR008980, GO:0055036, GO:0046761, GO:0075512, GO:0019031, GO:0020002, IPR000149, GO:0046789, IPR013828",1,3R2X,UniProt
,,GLFGAIAGFIEGGWTGMIDGWYGYHHQNEQGSGYAADQKSTQNAIDGITNKVNSVIEKMNTQFTAVGKEFNNLERRIENLNKKVDDGFLDIWTYNAELLVLLENERTLDFHDSNVRNLYEKVKSQLKNNAKEIGNGCFEFYHKCDDACMESVRNGTYDYPKYSEESKLNREEIDGVSGR,1,Hemagglutinin,"Hemagglutinin, 1918 hemagglutinin fusion subunit",B,Influenza A virus (A/Brevig Mission/1/1918(H1N1)),88776,"PF00509, GO:0039654, GO:0019064, GO:0016020, GO:0019062, IPR001364, IPR008980, GO:0055036, GO:0046761, GO:0075512, GO:0019031, GO:0020002, IPR000149, GO:0046789, IPR013828",2,3R2X,UniProt
,,MSNAMDGQQLNRLLLEWIGAWDPFGLGKDAYDVEAEAVLQAVYETESAFDLAMRIMWIYVFAFNRPIPFPHAQKLARRLLELKQAASSPLPLE,1,"HB36.3, designed hemagglutinin binding protein","HB36.3, designed hemagglutinin binding protein",C,synthetic construct,32630,,3,3R2X,
5VLI,5VLI,ADTICIGYHANNSTDTVDTVLEKNVTVTHSVNLLEDSHNGKLCRLKGIAPLQLGKCNIAGWLLGNPECDPLLPVRSWSYIVETPNSENGICYPGDFIDYEELREQLSSVSSFERFEIFPKESSWPNHNTNGVTAACSHEGKSSFYRNLLWLTEKEGSYPKLKNSYVNKKGKEVLVLWGIHHPPNSKEQQNLYQNENAYVSVVTSNYNRRFTPEIAERPKVRDQAGRMNYYWTLLKPGDTIIFEANGNLIAPMYAFALSRGFGSGIITSNASMHECNTKCQTPLGAINSSLPYQNIHPVTIGECPKYVRSAKLRMVTGLRNIPSIQSR,1,Hemagglutinin,Hemagglutinin,A,Influenza A virus (A/Puerto Rico/8/1934(H1N1)),211044,"PF00509, GO:0039654, GO:0019064, GO:0019062, IPR001364, IPR008980, GO:0055036, GO:0005576, GO:0046761, GO:0075512, GO:0005886, GO:0019031, GO:0020002, IPR000149, GO:0046789, IPR013828",1,5VLI,UniProt
,,GLFGAIAGFIEGGWTGMIDGWYGYHHQNEQGSGYAADQKSTQNAINGITNKVNTVIEKMNIQFTAVGKEFNKLEKRMENLNKKVDDGFLDIWTYNAELLVLLENERTLDFHDSNVKNLYEKVKSQLKNNAKEIGNGCFEFYHKCDNECMESVRNGTYDYPKYSEESKLNREKVDGV,1,Hemagglutinin,Hemagglutinin,B,Influenza A virus (A/Puerto Rico/8/1934(H1N1)),211044,"PF00509, GO:0039654, GO:0019064, GO:0019062, IPR001364, IPR008980, GO:0055036, GO:0005576, GO:0046761, GO:0075512, GO:0005886, GO:0019031, GO:0020002, IPR000149, GO:0046789, IPR013828",2,5VLI,UniProt
,,CIEQSFTTLFACQTAAEIWRAFGYTVKIMVDNGNCRLHVC,1,Computationally designed peptide HB1.6928.2.3,Computationally designed peptide HB1.6928.2.3,C,synthetic construct,32630,,3,5VLI,
1FMH,1FMH,XEVAQLEKEVAQAEAENYQLEQEVAQLEHECGX,1,GENERAL CONTROL PROTEIN GCN4,GENERAL CONTROL PROTEIN GCN4,A,,,"PF07716, GO:0001094, GO:0090575, IPR004827, GO:1990928, GO:0061629, GO:0000978, GO:0005667, GO:0003682, GO:1903833, GO:0045899, GO:1990139, GO:0003700, GO:0036033, GO:0043565, GO:0000981, GO:0008652, GO:0001080, GO:0060261, IPR046347, GO:0035556, GO:0000122, GO:0034198, GO:0045944, GO:0001228, GO:0005634, GO:0042802, GO:0043621, GO:0010688",1,1FMH,UniProt
,,,,,,,Saccharomyces cerevisiae (strain ATCC 204508 / S288c),559292,,,,
,,XEVQALKKRVQALKARNYAAKQKVQALRHKCGX,1,GENERAL CONTROL PROTEIN GCN4,GENERAL CONTROL PROTEIN GCN4,B,,,"PF07716, GO:0001094, GO:0090575, IPR004827, GO:1990928, GO:0061629, GO:0000978, GO:0005667, GO:0003682, GO:1903833, GO:0045899, GO:1990139, GO:0003700, GO:0036033, GO:0043565, GO:0000981, GO:0008652, GO:0001080, GO:0060261, IPR046347, GO:0035556, GO:0000122, GO:0034198, GO:0045944, GO:0001228, GO:0005634, GO:0042802, GO:0043621, GO:0010688",2,1FMH,UniProt
,,,,,,,Saccharomyces cerevisiae (strain ATCC 204508 / S288c),559292,,,,
5MFD,5MFD,GPGSELPQMVQQLNSPDQQELQSALRKLSQIASGGNEQIQAVIDAGALPALVQLLSSPNEQILQEALWTLGNIASGGNEQIQAVIDAGALPALVQLLSSPNEQILQEALWTLGNIASGGNEQIQAVIDAGALPALVQLLSSPNEQILQEALWTLGNIASGGNEQIQAVIDAGALPALVQLLSSPNEQILQEALWTLGNIASGGNEQIQAVIDAGALPALVQLLSSPNEQILQEALWTLGNIASGGNEQIQAVIDAGALPALVQLLSSPNEQILQEALWTLGNIASGGNEQKQAVKEAGALEKLEQLQSHENEKIQKEAQEALEKLQSH,8,YIIIM''6AII,YIIIM''6AII,A,synthetic construct,32630,,1,5MFD,
,,,,,,C,,,,,,
,,,,,,E,,,,,,
,,,,,,G,,,,,,
,,,,,,I,,,,,,
,,,,,,J,,,,,,
,,,,,,K,,,,,,
,,,,,,L,,,,,,
,,GPTATAPGGLSAKAPAMTPLMLDTSSRKLVAWDGTTDGAAVGILAVAADQTSTTLTFYKSGTFRYEDVLWPEAASDETKKRTAFAGTAISIVGSGSPKRKRKRKRKREG,4,"Capsid decoration protein,pD_(KR)5","Capsid decoration protein, pD_(KR)5, Auxiliary protein D, Gene product D, Major capsid protein D",B,Lambdavirus lambda,10710,"PF02924, IPR004195, GO:0019073, GO:0098021, IPR036630, GO:0030430",2,5MFD,UniProt
,,,,,,D,Lambdavirus lambda,10710,,,,
,,,,,,F,,,,,,
,,,,,,H,,,,,,
5LO2,5LO2,XPPTKPTKPGDNATPEKLAKYQADLAKYQKDLADYX,1,PPaTyr,PPaTyr,A,Streptococcus mutans,1309,"PF06696, IPR009578, IPR013574, IPR041324, IPR032300, IPR036234, GO:0005576, IPR026345, IPR021197, IPR019931",1,5LO2,UniProt
5LO3,5LO3,XPPTKPTKPGDNATPEKLAKYQADLAKYQKDLADYX,1,PPaOMe,PPaOMe,A,Streptococcus mutans,1309,"PF06696, IPR009578, IPR013574, IPR041324, IPR032300, IPR036234, GO:0005576, IPR026345, IPR021197, IPR019931",1,5LO3,UniProt
5LO4,5LO4,XPPTKPTKPGDNATPEKLAKFQADLAKFQKDLADFX,1,PPa-CH3,PPa-CH3,A,Streptococcus mutans,1309,"PF06696, IPR009578, IPR013574, IPR041324, IPR032300, IPR036234, GO:0005576, IPR026345, IPR021197, IPR019931",1,5LO4,UniProt
6MK1,6MK1,DERAVEALIKALKDPDWYVRKAAAEALGRI,52,peptide HEAT_R1,peptide HEAT_R1,A,Methanothermobacter thermautotrophicus,145262,,1,6MK1,
,,,,,,N,,,,,,
,,,,,,a,,,,,,
,,,,,,n,,,,,,
,,,,,,B,,,,,,
,,,,,,O,,,,,,
,,,,,,b,,,,,,
,,,,,,o,,,,,,
,,,,,,C,,,,,,
,,,,,,P,,,,,,
,,,,,,c,,,,,,
,,,,,,p,,,,,,
,,,,,,D,,,,,,
,,,,,,Q,,,,,,
,,,,,,d,,,,,,
,,,,,,q,,,,,,
,,,,,,E,,,,,,
,,,,,,R,,,,,,
,,,,,,e,,,,,,
,,,,,,r,,,,,,
,,,,,,F,,,,,,
,,,,,,S,,,,,,
,,,,,,f,,,,,,
,,,,,,s,,,,,,
,,,,,,G,,,,,,
,,,,,,T,,,,,,
,,,,,,g,,,,,,
,,,,,,t,,,,,,
,,,,,,H,,,,,,
,,,,,,U,,,,,,
,,,,,,h,,,,,,
,,,,,,u,,,,,,
,,,,,,I,,,,,,
,,,,,,V,,,,,,
,,,,,,i,,,,,,
,,,,,,v,,,,,,
,,,,,,J,,,,,,
,,,,,,W,,,,,,
,,,,,,j,,,,,,
,,,,,,w,,,,,,
,,,,,,K,,,,,,
,,,,,,X,,,,,,
,,,,,,k,,,,,,
,,,,,,x,,,,,,
,,,,,,L,,,,,,
,,,,,,Y,,,,,,
,,,,,,l,,,,,,
,,,,,,y,,,,,,
,,,,,,M,,,,,,
,,,,,,Z,,,,,,
,,,,,,m,,,,,,
,,,,,,z,,,,,,
6N4N,6N4N,MKKKGSVVIVGRINLSGDTAYAQQTRGEEGCQETSQTGRDKNQVEGEVQIVSTATQTFLATSINGVLWTVYHGAGTRTIASPKGPVTQMYTNVDKDLVGWQAPQGSRSLTPCTCGSSDLYLVTRHADVIPVRRRGDSRGSLLSPRPISYLKGSAGGPLLCPAGHAVGIFRAAVSTRGVAKAVDFIPVESLETTMRSP,2,NS3 protease,"NS3 protease, protease NS3a",A,Hepacivirus hominis,3052230,"PF02907, GO:0051259, IPR002522, GO:0039694, GO:0044186, GO:0039563, GO:0016020, IPR043128, GO:0044191, GO:0039645, GO:0005216, GO:0004252, GO:0039527, IPR038568, IPR027417, GO:0017124, GO:0005524, IPR009003, IPR001650, IPR014001, GO:0039520, IPR002868, GO:0039502, GO:0044167, GO:0003724, GO:0019013, IPR038170, IPR002518, GO:0039654, IPR013192, GO:0003968, IPR002521, GO:0075512, GO:0039707, GO:0004197, IPR042209, GO:0020002, GO:0003723, GO:0039545, GO:0044220, IPR000745, IPR011492, IPR042205, GO:0019062, IPR002166, GO:0055036, IPR002519, IPR043502, GO:0019087, IPR044896, IPR024350, IPR013193, GO:0016887, GO:0042025, GO:0019031, IPR004109, GO:0005198, GO:1990904, GO:0008270, GO:0006508, IPR002531, IPR043504, IPR007094, IPR001490",1,6N4N,UniProt
,,,,,,B,,,,,,
,,SSDEEEARELIERAKEAAERAQEAAERTGDPRVRELARELKRLAQEAAEEVKRDPSSSDVNEALKLIVEAIEAAVDALEAAERTGDPEVRELARELVRLAVEAAEEVQRNPSSSDVNEALHSIVYAIEAAIFALEAAERTGDPEVRELARELVRLAVEAAEEVQRNPSSRNVEHALMRIVLAIYLAEENLREAEESGDPEKREKARERVREAVERAEEVQRDPSGWLNH,2,Rosetta-designed danoprevir/NS3a complex reader 2,"Rosetta-designed danoprevir/NS3a complex reader 2, DNCR2",C,synthetic construct,32630,,2,6N4N,
,,,,,,F,,,,,,
1NA0,1NA0,GAMDPGNSAEAWYNLGNAYYKQGDYDEAIEYYQKALELDPNNAEAWYNLGNAYYKQGDYDEAIEYYQKALELDPNNAEAWYNLGNAYYKQGDYDEAIEYYQKALELDPNNAEAKQNLGNAKQKQG,2,designed protein CTPR3,designed protein CTPR3,A,unidentified,32644,,1,1NA0,
,,,,,,B,,,,,,
1NA3,1NA3,GAMDPGNSAEAWYNLGNAYYKQGDYDEAIEYYQKALELDPNNAEAWYNLGNAYYKQGDYDEAIEYYQKALELDPNNAEAKQNLGNAKQKQG,2,designed protein CTPR2,designed protein CTPR2,A,unidentified,32644,,1,1NA3,
,,,,,,B,,,,,,
2JUA,2JUA,MYGKLNDLLEDLQEVLKHVNQHWQGGQKNMNKVDHHLQNVIEDIHDFMQGGGSGGKLQEMMKEFQQVLDEIKQQLQGGDNSLHNVHENIKEIFHHLEELVHR,1,de novo protein S836,de novo protein S836,A,unidentified,32644,,1,2JUA,
4PJQ,4PJQ,GNSVTYTTLISGLGKAGRLEEALELFEEMKEKGIVPDVVTYTTLISGLGKAGRLEEALELFEEMKEKGIVPDVVTYTTLISGLGKAGRLEEALELFEEMKEKGIVPDVVTYTTLISGLGKAGRLEEALELFEEMKEKGIVPDVVTYTTLISGLGKAGRLEEALELFEEMKEKGIVPDVVTYTTLISGLGKAGRLEEALELFEEMKEKGIVPDVVTYTTLISGLGKAGRLEEALELFEEMKEKGIVPDVVTYTTLISGLGKAGRLEEALELFEEMKEKGIVPDVVTYTTLISGLGKAGCGRALE,2,Pentatricopeptide repeat protein,Pentatricopeptide repeat protein,A,unidentified,32644,,1,4PJQ,
,,,,,,B,,,,,,
4PJR,4PJR,GNSVTYNTLISGLGKAGRLEEALELFEEMKEKGIVPDVVTYTTLISGLGKAGRLEEALELFEEMKEKGIVPDVVTYNTLISGLGKAGRLEEALELFEEMKEKGIVPDVVTYTTLISGLGKAGRLEEALELFEEMKEKGIVPNVVTYNTLISGLGKAGRLEEALELFEEMKEKGIVPDVVTYTTLISGLGKAGRLEEALELFEEMKEKGIVPNVVTYNTLISGLGKAGRLEEALELFEEMKEKGIVPDVVTYTTLISGLGKAGRLEEALELFEEMKEKGIVPNVVTYNTLISGLGKAGCGRALE,1,Pentatricopeptide repeat protein,Pentatricopeptide repeat protein,A,unidentified,32644,,1,4PJR,
4PJS,4PJS,GNSVTYNTLISGLGKAGRLEEALELFEEMKEKGIVPDVVTYTTLISGLGKAGRLEEALELFEEMKEKGIVPDVVTYNTLISGLGKAGRLEEALELFEEMKEKGIVPDVVTYTTLISGLGKAGRLEEALELFEEMKEKGIVPNVVTYNTLISGLGKAGRLEEALELFEEMKEKGIVPDVVTYTTLISGLGKAGRLEEALELFEEMKEKGIVPNVVTYNTLISGLGKAGRLEEALELFEEMKEKGIVPDVVTYTTLISGLGKAGRLEEALELFEEMKEKGIVPNVVTYNTLISGLGKAGCGRALE,1,Pentatricopeptide repeat protein,Pentatricopeptide repeat protein,A,unidentified,32644,,1,4PJS,
6HQE,6HQE,PEALERLAADPDREVRAAVARRL,52,peptide LRV_M3delta1,peptide LRV_M3delta1,A,Azotobacter vinelandii,354,,1,6HQE,
,,,,,,a,,,,,,
,,,,,,B,,,,,,
,,,,,,b,,,,,,
,,,,,,C,,,,,,
,,,,,,c,,,,,,
,,,,,,D,,,,,,
,,,,,,d,,,,,,
,,,,,,E,,,,,,
,,,,,,e,,,,,,
,,,,,,F,,,,,,
,,,,,,f,,,,,,
,,,,,,G,,,,,,
,,,,,,g,,,,,,
,,,,,,H,,,,,,
,,,,,,h,,,,,,
,,,,,,I,,,,,,
,,,,,,i,,,,,,
,,,,,,J,,,,,,
,,,,,,j,,,,,,
,,,,,,K,,,,,,
,,,,,,k,,,,,,
,,,,,,L,,,,,,
,,,,,,l,,,,,,
,,,,,,M,,,,,,
,,,,,,m,,,,,,
,,,,,,N,,,,,,
,,,,,,n,,,,,,
,,,,,,O,,,,,,
,,,,,,o,,,,,,
,,,,,,P,,,,,,
,,,,,,p,,,,,,
,,,,,,Q,,,,,,
,,,,,,q,,,,,,
,,,,,,R,,,,,,
,,,,,,r,,,,,,
,,,,,,S,,,,,,
,,,,,,s,,,,,,
,,,,,,T,,,,,,
,,,,,,t,,,,,,
,,,,,,U,,,,,,
,,,,,,u,,,,,,
,,,,,,V,,,,,,
,,,,,,v,,,,,,
,,,,,,W,,,,,,
,,,,,,w,,,,,,
,,,,,,X,,,,,,
,,,,,,x,,,,,,
,,,,,,Y,,,,,,
,,,,,,y,,,,,,
,,,,,,Z,,,,,,
,,,,,,z,,,,,,
6RX5,6RX5,MGSSHHHHHHSSGLVPRGSHMEAPAAVVTGAAKRIGRAIAVKLHQTGYRVVIHYHNSAEAAVSLADELNKERSNTAVVCQADLTNSNVLPASCEEIINSCFRAFGRCDVLVNNASAFYPTPLVQGDHEDNSNGKTVETQVAELIGTNAIAPFLLTMSFAQRQKGTNPNCTSSNLSIVNLCDAMVDQPCMAFSLYNMGKHALVGLTQSAALELAPYGIRVNGVAPGVSLLPVAMGEEEKDKWRRKVPLGRREASAEQIADAVIFLVSGSAQYITGSIIKVDGGLSLVHA,4,Pteridine reductase,Pteridine reductase,A,Trypanosoma brucei brucei,5702,"PF13561, IPR036291, IPR002347, IPR014058, IPR020904, GO:0000166, GO:0047040",1,6RX5,UniProt
,,,,,,B,,,,,,
,,,,,,C,,,,,,
,,,,,,D,,,,,,
4N9G,4N9G,QVQLQESGPGLVKPSETLSLTCVVSGGSFSSYYWTWIRQSPGKGLEWIGEMNGNSGYTNYNPSLQSRVTISKDASKNQFSLKLTSLTAADTAVYYCARDAIVMVFTDMRGRVDVWGPGILVTVSSASTKGPSVFPLAPSSKSTSGGTAALGCLVKDYFPEPVTVSWNSGALTSGVHTFPAVLQSSGLYSLSSVVTVPSSSLGTQTYICNVNHKPSNTKVDKRVEPKSCDK,4,"Antibody 17HD9, Heavy Chain","Antibody 17HD9, Heavy Chain",A,Macaca mulatta,9544,,1,4N9G,
,,,,,,E,,,,,,
,,,,,,H,,,,,,
,,,,,,M,,,,,,
,,DIQMSQSPSSLSASVGDTVTITCRASQGISNYLAWYQQKPGKAPKSLIYYTSHLESGVPSRFSGSGSGTDFSLTISSLQPEDFATYYCQQHNSYPRTFGQGTKVEIKRTVAAPSVFIFPPSDEQLKSGTASVVCLLNNFYPREAKVQWKVDNALQSGNSQESVTEQDSKDSTYSLSSTLTLSKADYEKHKVYACEVTHQGLSSPVTKSFNRGECS,4,"Antibody 17HD9, Light Chain","Antibody 17HD9, Light Chain",B,Macaca mulatta,9544,,2,4N9G,
,,,,,,F,,,,,,
,,,,,,L,,,,,,
,,,,,,N,,,,,,
,,GSRSDMRKDAERRFDKFVEAAKNKFDKFKAALRKGDIKEERRKDMKKLARKEAEQARRAVRNRLSELLSKINDMPITNDQKKLMSNDVLKFAAEAEKKIEALAADAEDKFTQGSWLEHHHHHH,4,Epitope Scaffold rsv_1isea_FFL_001_C,Epitope Scaffold rsv_1isea_FFL_001_C,C,synthetic construct,32630,,3,4N9G,
,,,,,,D,,,,,,
,,,,,,Y,,,,,,
,,,,,,Z,,,,,,
8SZZ,8SZZ,MTDELLRLAKEQAELLKEIKILVELIAMLVKVIQKDPSDEALKALAELVRKLKELVEDMERSMKEQLYIIKGSWSG,24,O32-ZL4 Component A,O32-ZL4 Component A,0,synthetic construct,32630,,1,8SZZ,
,,,,,,1,,,,,,
,,,,,,2,,,,,,
,,,,,,3,,,,,,
,,,,,,o,,,,,,
,,,,,,P,,,,,,
,,,,,,p,,,,,,
,,,,,,Q,,,,,,
,,,,,,q,,,,,,
,,,,,,R,,,,,,
,,,,,,r,,,,,,
,,,,,,S,,,,,,
,,,,,,s,,,,,,
,,,,,,T,,,,,,
,,,,,,t,,,,,,
,,,,,,u,,,,,,
,,,,,,V,,,,,,
,,,,,,v,,,,,,
,,,,,,W,,,,,,
,,,,,,w,,,,,,
,,,,,,X,,,,,,
,,,,,,x,,,,,,
,,,,,,y,,,,,,
,,,,,,z,,,,,,
,,MKMEELFKKHKIVAVLRANDAQEAREKALAVFEGGVHLIEITFTVPNAAAVILLLSFLKEKGAIIGAGTVTSEEQCALAVLSGAEFIVSPHLDEEISQFCKEKGVFYMPGVMTPTELVKAMKLGHTILKLFPGEVVGPQFVKAMKGPFPNVKFVPTGGVNLDNVCEWFKAGVLAVGVGSALVKGTPDEVREKAKAFVEKIRGCTELEHHHHHH,24,O32-ZL4 Component B,O32-ZL4 Component B,e,Thermotoga maritima,2336,"GO:0016829, IPR000887, IPR013785",2,8SZZ,UniProt
,,,,,,f,,,,,,
,,,,,,g,,,,,,
,,,,,,h,,,,,,
,,,,,,I,,,,,,
,,,,,,i,,,,,,
,,,,,,J,,,,,,
,,,,,,j,,,,,,
,,,,,,K,,,,,,
,,,,,,k,,,,,,
,,,,,,L,,,,,,
,,,,,,l,,,,,,
,,,,,,M,,,,,,
,,,,,,m,,,,,,
,,,,,,N,,,,,,
,,,,,,n,,,,,,
,,,,,,O,,,,,,
,,,,,,U,,,,,,
,,,,,,Y,,,,,,
,,,,,,Z,,,,,,
,,,,,,a,,,,,,
,,,,,,b,,,,,,
,,,,,,c,,,,,,
,,,,,,d,,,,,,
6W15,6W15,MVRIDVISIFPAYLDPIRQSLPGKAIDAGIVSVEVHDLRNWTHDVHRSVDDSPYGGGPGMVMKAPVWGEALDEICSEETLLVVPTPAGRLFDQRTAQRWSTERHLVFACGRYEGIDQRVVDDAARRMRVEEVSIGDYVLNGGEAATLVMVEAVVRLLPDVLGNPASHQQDSHSDGLLEGPSYTRPPSWRGLDVPPVLLSGDHAKVAAWRHEQALQRTRERRPDLLDAGHHHHHH,1,tRNA (guanine-N(1)-)-methyltransferase,"tRNA (guanine-N(1)-)-methyltransferase, M1G-methyltransferase, tRNA [GM37] methyltransferase",A,Mycolicibacterium smegmatis MC2 155,246196,"GO:0032259, GO:0006400, IPR029026, IPR029028, GO:0052906, IPR016009, GO:0005737, IPR023148, IPR002649",1,6W15,UniProt
5KNH,5KNH,MRGSHHHHHHGSDLDKKLLEAARAGQDDEVRILMANGADVNARDSYGSTPLHLAAREGHLEIVEVLLKYGADVNAADFIGDTPLHLAAYRGHLEIVEVLLKYGADVNASDITGETPLHLAAQIGHLEIVEVLLKHGADVNAQDKFGKTPADIAADNGHEDIAEVLQKLN,1,DARPIN 6G9,DARPIN 6G9,D,synthetic construct,32630,,1,5KNH,
,,GPVPPSTALKELIEELVNITQNQKAPLCNGSMVWSINLTAGVYCAALESLINVSGCSAIEKTQRMLNGFCPHKVSAGQFSSLRVRDTKIEVAQFVKDLLVHLKKLFREGQFN,1,IL13,IL13,I,Macaca fascicularis,9541,"PF03487, IPR020470, IPR001325, IPR009079, GO:0005126, GO:0005576, GO:0006955, IPR018096",2,5KNH,UniProt
5H7C,5H7C,GSHMKFNKEQQNAFYEILHLPNLNEEQRNAFIQSLKDDPSQSANLLAEAKSLNVNQAVKQLAEKAKEATDKEEVIEIVKELAELAKQSTDSELVNEIVKQLAEVAKEATDKELVIYIVKILAELAKQSTDSELVNEIVKQLAEVAKEATDKELVIYIVKILAELAKQSTDSELVNEIVKQLEEVAKEATDKELVEHIEKILEELEQQSAFYEILSLPNLNEEQRNAFIQSLKDDPSQSANLLAEAKSLNVNQAVKQLAEKAKEATDKEEVIEIVKELAELAKQSTDSELVNEIVKQLAEVAKEATDKELVIYIVKILAELAKQSTDSELVNEIVKQLAEVAKEATDKELVIYIVKILAELAKQSTDSELVNEIVKQLEEVAKEATDKELVEHIEKILEELKKQS,2,"Immunoglobulin G-binding protein A, DHR14","Immunoglobulin G-binding protein A, DHR14, IgG-binding protein A, Staphylococcal protein A",A,Staphylococcus aureus,1280,"PF02216, IPR009063, IPR005877, IPR036779, GO:0005576, GO:0019864, IPR005038, IPR003132, IPR018392, IPR019931",1,5H7C,UniProt
,,,,,,C,synthetic construct,32630,,,,
,,,,,,,Staphylococcus aureus,1280,,,,
,,,,,,,synthetic construct,32630,,,,
3QHT,3QHT,GSDSEVNQEAKPEVKPEVKPETHINLKVSDGSSEIFFKIKKTTPLRRLMEAFAKRQGKEMDSLRFLYDGIRIQADQTPEDLDMEDNDIIEAHREQIGG,2,Ubiquitin-like protein SMT3,"Ubiquitin-like protein SMT3, yeast small ubiquitin-like modifier (SUMO)",A,Saccharomyces cerevisiae,4932,"PF00240, GO:0031386, GO:0016925, GO:0044389, GO:0005940, IPR029071, IPR000626, IPR022617, GO:0000794, GO:0005634, GO:0042802",1,3QHT,UniProt
,,,,,,B,,,,,,
,,GSSVSSVPTKLEVVAATPTSLLISWDASSSSVSYYRITYGETGGNSPVQEFTVPGSSSTATISGLSPGVDYTITVYAYYSYYDLYYSYSPSSINYRT,2,Monobody ySMB-1,Monobody ySMB-1,C,synthetic construct,32630,,2,3QHT,
,,,,,,D,,,,,,
6C9K,6C9K,MRITTKVGDKGSTRLFGGEEVWKDSPIIEANGTLDELTSFIGEAKHYVDEEMKGILEEIQNDIYKIMGEIGSKGKIEGISEERIAWLLKLILRYMEMVNLKSFVLPGGTLESAKLDVCRTIARRALRKVLTVTREFGIGAEAAAYLLALSDLLFLLARVIEIELGKKLLEAARAGQDDEVRILMANGADVNAHDDQGSTPLHLAAWIGHPEIVEVLLKHGADVNARDTDGWTPLHLAADNGHLEIVEVLLKYGADVNAQDAYGLTPLHLAADRGHLEIVEVLLKHGADVNAQDKFGKTAFDISIDNGNEDLAEILQKLN,12,DARP14 - Subunit A with DARPin,DARP14 - Subunit A with DARPin,A,synthetic construct,32630,,1,6C9K,
,,,,,,B,,,,,,
,,,,,,C,,,,,,
,,,,,,D,,,,,,
,,,,,,I,,,,,,
,,,,,,J,,,,,,
,,,,,,K,,,,,,
,,,,,,L,,,,,,
,,,,,,Q,,,,,,
,,,,,,R,,,,,,
,,,,,,S,,,,,,
,,,,,,T,,,,,,
,,MPHLVIEATANLRLETSPGELLEQANKALFASGQFGEADIKSRFVTLEAYRQGTAAVERAYLHACLSILDGRDIATRTLLGASLCAVLAEAVAGGGEEGVQVSVEVREMERLSYAKRVVARQRLEHHHHHH,12,DARP14 - Subunit B,DARP14 - Subunit B,E,Pseudomonas aeruginosa PAO1,208964,"PF02962, GO:0008704, GO:0019439, IPR014347, IPR004220",2,6C9K,UniProt
,,,,,,F,,,,,,
,,,,,,G,,,,,,
,,,,,,H,,,,,,
,,,,,,M,,,,,,
,,,,,,N,,,,,,
,,,,,,O,,,,,,
,,,,,,P,,,,,,
,,,,,,U,,,,,,
,,,,,,V,,,,,,
,,,,,,W,,,,,,
,,,,,,X,,,,,,
1P68,1P68,MYGKLNDLLEDLQEVLKNLHKNWHGGKDNLHDVDNHLQNVIEDIHDFMQGGGSGGKLQEMMKEFQQVLDELNNHLQGGKHTVHHIEQNIKEIFHHLEELVHR,1,De novo designed protein S-824,De novo designed protein S-824,A,Escherichia coli,562,,1,1P68,
5TGW,5TGW,SEFEKLRQTGDELVQAFQRLREIFDKGDDDSLEQVLEEIEELIQKHRQLFDNRQEAADTEAAKQGDQWVQLFQRFREAIDKGDKDSLEQLLEELEQALQKIRELAEKKN,1,PS1,,A,Escherichia coli,562,,1,5TGW,
5TGY,5TGY,SEFEKLRQTGDELVQAFQRLREIFDKGDDDSLEQVLEEIEELIQKHRQLFDNRQEAADTEAAKQGDQWVQLFQRFREAIDKGDKDSLEQLLEELEQALQKIRELAEKKN,1,PS1,,A,Escherichia coli,562,,1,5TGY,
5UOI,5UOI,RKWEEIAERLREEFNINPEEAREAVEKAGGNEEEARRIVKKRL,1,HHH_rd1_0142,HHH_rd1_0142,A,Escherichia coli,562,,1,5UOI,
5UP1,5UP1,MGSSHHHHHHSSGLVPRGSHMTTVKLGDIKVTFDNPEKAKKYAQKLAKIYQLTVHVHGDTIHVK,1,EEHEE_rd3_1049,EEHEE_rd3_1049,A,Escherichia coli,562,,1,5UP1,
5UP5,5UP5,TQTQEFDNEEEARKAEKELRKENRRVTVTQENGRWRVTWD,1,EHEE_rd1_0284,EHEE_rd1_0284,A,Escherichia coli,562,,1,5UP5,
5UYO,5UYO,MGSSHHHHHHSSGLVPRGSHMDVEEQIRRLEEVLKKNQPVTWNGTTYTDPNEIKKVIEELRKSM,1,HEEH_rd4_0097,HEEH_rd4_0097,A,Escherichia coli,562,,1,5UYO,
6M6Z,6M6Z,SAEELLRRSREYLKKVALIQLVIAFVFLILLILLSWRSEELIRELEEKGAASEAELARMKQQHMTAYLQAALTAWEIISKSVIALLLLQQNQLNLELNTDTDKNVAEELLRRSREYLKKVALIQLVIAFVFLILLILLSWRSEELIRELEEKGAASEAELARMKQQHMTAYLQAALTAWEIISKSVIALLLLQQNQLNLELRH,4,TMH4C4,TMH4C4,A,Escherichia coli,562,,1,6M6Z,
,,,,,,B,,,,,,
,,,,,,C,,,,,,
,,,,,,D,,,,,,
2BH8,2BH8,MRGSHHHHGSRLQSGKMTGIVKWFNADKGFGFITPDDGSKDVFVHFSAGSSGAAVRGNPQQGDRVEGKIKSITDFGIFIGLDGGIDGLVHLSDISWAQAEA,2,1B11,1B11,A,Escherichia coli K-12,83333,"PF00313, GO:0003677, GO:0003676, GO:0009409, IPR012156, GO:0045893, GO:0005829, GO:0010468, GO:0003727, GO:0060567, IPR011129, IPR012340, GO:0003723, IPR019844, IPR002059, GO:0001072, GO:0003697",1,2BH8,UniProt
,,,,,,B,,,,,,
1K09,1K09,XKAKIIRYFYNAKDGLAQTFVYGGCX,1,Core Module I,Core Module I,A,Bos taurus,9913,"PF00014, GO:0097180, GO:1900004, GO:0005509, GO:0004867, GO:0035375, GO:0140678, IPR020901, IPR036880, IPR002223, GO:0090331, GO:0002020, GO:0043199, GO:0070495, GO:0005615, GO:0032023, GO:0019870",1,1K09,UniProt
,,XKARIIRYFYNAKDGKAQTFVYGGCX,1,Core Module II,Core Module II,B,Bos taurus,9913,"PF00014, GO:0097180, GO:1900004, GO:0005509, GO:0004867, GO:0035375, GO:0140678, IPR020901, IPR036880, IPR002223, GO:0090331, GO:0002020, GO:0043199, GO:0070495, GO:0005615, GO:0032023, GO:0019870",2,1K09,UniProt
4NDL,4NDL,MGSSHHHHHHSSGLVPRGSHMTEFSEEQKKALDLAFYFDRRLTPEWRRYLSQRLGLNEEQIERWFRRKEQQI,3,"ENH-c2b, computational designed homodimer","ENH-c2b, computational designed homodimer",B,Drosophila melanogaster,7227,,1,4NDL,
,,,,,,A,,,,,,
,,,,,,C,,,,,,
4QTR,4QTR,MEKRPRTAFSEEQKKALDLAFYFDRYLTPEWRRYLSQRLGLNEAQIKIWFQNKRAKIKKSTGGSGGHHHHHH,4,dualENH,dualENH,A,Drosophila melanogaster,7227,,1,4QTR,
,,,,,,B,,,,,,
,,,,,,C,,,,,,
,,,,,,D,,,,,,
,,GTGTAATTTAATTTCC,2,DNA (5'-D(P*GP*TP*GP*TP*AP*AP*TP*TP*TP*AP*AP*TP*TP*TP*CP*C)-3'),DNA (5'-D(P*GP*TP*GP*TP*AP*AP*TP*TP*TP*AP*AP*TP*TP*TP*CP*C)-3'),E,,,,2,4QTR,
,,,,,,G,,,,,,
,,CGGAAATTAAATTACA,2,DNA (5'-D(P*CP*GP*GP*AP*AP*AP*TP*TP*AP*AP*AP*TP*TP*AP*CP*A)-3'),DNA (5'-D(P*CP*GP*GP*AP*AP*AP*TP*TP*AP*AP*AP*TP*TP*AP*CP*A)-3'),F,,,,3,4QTR,
,,,,,,H,,,,,,
4E0K,4E0K,KDWSFY,4,Amyloidogenic peptide segment KDWSFY,Amyloidogenic peptide segment KDWSFY,A,,,"PF07654, GO:0006879, GO:0042026, GO:0009897, GO:0016020, IPR036179, GO:0002726, GO:0042605, GO:0070062, GO:1990712, GO:0005829, GO:0071281, GO:0071283, GO:0023026, GO:0060586, GO:0042612, GO:0031902, GO:0010977, GO:1904437, GO:0045646, GO:0002481, GO:0033077, IPR003006, GO:1900122, GO:0030670, GO:0005765, GO:0005794, GO:0005788, GO:0048260, GO:0000139, GO:0002502, GO:0042824, GO:0035580, GO:0050768, IPR013783, GO:1904434, GO:0050680, GO:0001916, GO:0005615, IPR007110, GO:0032092, GO:0042802, GO:0050778, GO:0005925, GO:0006826, GO:0007608, GO:1990000, GO:0051289, IPR003597, GO:0042613, GO:0031905, GO:0005886, GO:0019886, IPR015707, GO:0001913, GO:1900121, GO:0002503, GO:0055038, GO:1904724, GO:0042803, GO:0071316, GO:0005576, GO:0031901, GO:2000774, GO:0019885, GO:0007611, GO:0005198, GO:0012507, GO:0050870, GO:2000978, GO:0034756, GO:0005783, GO:0002237",1,4E0K,UniProt
,,,,,,B,Homo sapiens,9606,,,,
,,,,,,C,,,,,,
,,,,,,D,,,,,,
4E0L,4E0L,AFYLLYYTAKNXSA,4,Cyclic pseudo-peptide FYLLYYT(ORN)KN(HAO)SA(ORN),Cyclic pseudo-peptide FYLLYYT(ORN)KN(HAO)SA(ORN),A,,,"PF07654, GO:0006879, GO:0042026, GO:0009897, GO:0016020, IPR036179, GO:0002726, GO:0042605, GO:0070062, GO:1990712, GO:0005829, GO:0071281, GO:0071283, GO:0023026, GO:0060586, GO:0042612, GO:0031902, GO:0010977, GO:1904437, GO:0045646, GO:0002481, GO:0033077, IPR003006, GO:1900122, GO:0030670, GO:0005765, GO:0005794, GO:0005788, GO:0048260, GO:0000139, GO:0002502, GO:0042824, GO:0035580, GO:0050768, IPR013783, GO:1904434, GO:0050680, GO:0001916, GO:0005615, IPR007110, GO:0032092, GO:0042802, GO:0050778, GO:0005925, GO:0006826, GO:0007608, GO:1990000, GO:0051289, IPR003597, GO:0042613, GO:0031905, GO:0005886, GO:0019886, IPR015707, GO:0001913, GO:1900121, GO:0002503, GO:0055038, GO:1904724, GO:0042803, GO:0071316, GO:0005576, GO:0031901, GO:2000774, GO:0019885, GO:0007611, GO:0005198, GO:0012507, GO:0050870, GO:2000978, GO:0034756, GO:0005783, GO:0002237",1,4E0L,UniProt
,,,,,,B,Homo sapiens,9606,,,,
,,,,,,C,,,,,,
,,,,,,D,,,,,,
4E0M,4E0M,ASVQIVYKAEFXYK,4,Cyclic pseudo-peptide SVQIVYK(ORN)EF(HAO)(4BF)K(ORN),Cyclic pseudo-peptide SVQIVYK(ORN)EF(HAO)(4BF)K(ORN),A,,,"PF00418, GO:0072386, GO:0032930, GO:0016607, GO:0045298, GO:1902988, GO:1990416, GO:0034605, GO:0005829, GO:0099609, GO:0090140, GO:0045773, GO:0007613, GO:0043565, GO:0061564, GO:0051087, GO:0017124, GO:0003677, GO:0008017, GO:0048143, GO:0043197, GO:0003680, GO:0044297, GO:1902936, GO:0001774, GO:1904115, GO:0019896, GO:0036477, GO:0051258, GO:0051721, GO:0006919, GO:1990000, GO:0005886, GO:0034399, GO:0045121, GO:0050808, IPR027324, GO:0044304, GO:0033673, GO:0036464, GO:0031122, GO:0019901, GO:0010288, GO:0005576, GO:0050848, GO:0000226, GO:1900452, GO:0010629, GO:1905689, GO:0051260, GO:0003697, GO:0016072, GO:0035091, GO:0006974, GO:0090258, GO:0021954, GO:0010917, IPR001084, GO:0007267, GO:0046785, GO:0030425, GO:0005737, GO:0098930, GO:1990090, GO:0030674, GO:0043005, GO:0048699, GO:0097418, GO:0031116, GO:0034063, GO:0030673, GO:0043025, GO:0097435, GO:0030424, GO:0034452, GO:1903748, GO:0006475, GO:0007416, GO:0031175, GO:1900034, GO:0005874, GO:0042802, GO:0005739, GO:1904428, GO:0048312, GO:1902474, GO:0033044, GO:0051879, GO:0034185, GO:0097386, GO:0030426, GO:0003723, GO:0015630, GO:0070507, GO:0031113, GO:0031110, IPR002955, GO:0071813, GO:0003690, GO:0034614, GO:0003779, GO:0099077, GO:1903829, GO:0048167, GO:0007611, GO:0010506, GO:0019899, GO:0005634",1,4E0M,UniProt
,,,,,,B,Homo sapiens,9606,,,,
,,,,,,C,,,,,,
,,,,,,D,,,,,,
4E0N,4E0N,ASVQIVYKAEFXYK,4,Cyclic pseudo-peptide SVQIVYK(ORN)EF(HAO)(4BF)K(ORN),Cyclic pseudo-peptide SVQIVYK(ORN)EF(HAO)(4BF)K(ORN),A,,,"PF00418, GO:0072386, GO:0032930, GO:0016607, GO:0045298, GO:1902988, GO:1990416, GO:0034605, GO:0005829, GO:0099609, GO:0090140, GO:0045773, GO:0007613, GO:0043565, GO:0061564, GO:0051087, GO:0017124, GO:0003677, GO:0008017, GO:0048143, GO:0043197, GO:0003680, GO:0044297, GO:1902936, GO:0001774, GO:1904115, GO:0019896, GO:0036477, GO:0051258, GO:0051721, GO:0006919, GO:1990000, GO:0005886, GO:0034399, GO:0045121, GO:0050808, IPR027324, GO:0044304, GO:0033673, GO:0036464, GO:0031122, GO:0019901, GO:0010288, GO:0005576, GO:0050848, GO:0000226, GO:1900452, GO:0010629, GO:1905689, GO:0051260, GO:0003697, GO:0016072, GO:0035091, GO:0006974, GO:0090258, GO:0021954, GO:0010917, IPR001084, GO:0007267, GO:0046785, GO:0030425, GO:0005737, GO:0098930, GO:1990090, GO:0030674, GO:0043005, GO:0048699, GO:0097418, GO:0031116, GO:0034063, GO:0030673, GO:0043025, GO:0097435, GO:0030424, GO:0034452, GO:1903748, GO:0006475, GO:0007416, GO:0031175, GO:1900034, GO:0005874, GO:0042802, GO:0005739, GO:1904428, GO:0048312, GO:1902474, GO:0033044, GO:0051879, GO:0034185, GO:0097386, GO:0030426, GO:0003723, GO:0015630, GO:0070507, GO:0031113, GO:0031110, IPR002955, GO:0071813, GO:0003690, GO:0034614, GO:0003779, GO:0099077, GO:1903829, GO:0048167, GO:0007611, GO:0010506, GO:0019899, GO:0005634",1,4E0N,UniProt
,,,,,,B,Homo sapiens,9606,,,,
,,,,,,C,,,,,,
,,,,,,D,,,,,,
4E0O,4E0O,ASVQIVYKAEFXYK,4,Cyclic pseudo-peptide SVQIVYK(ORN)EF(HAO)(4BF)K(ORN),Cyclic pseudo-peptide SVQIVYK(ORN)EF(HAO)(4BF)K(ORN),A,,,"PF00418, GO:0072386, GO:0032930, GO:0016607, GO:0045298, GO:1902988, GO:1990416, GO:0034605, GO:0005829, GO:0099609, GO:0090140, GO:0045773, GO:0007613, GO:0043565, GO:0061564, GO:0051087, GO:0017124, GO:0003677, GO:0008017, GO:0048143, GO:0043197, GO:0003680, GO:0044297, GO:1902936, GO:0001774, GO:1904115, GO:0019896, GO:0036477, GO:0051258, GO:0051721, GO:0006919, GO:1990000, GO:0005886, GO:0034399, GO:0045121, GO:0050808, IPR027324, GO:0044304, GO:0033673, GO:0036464, GO:0031122, GO:0019901, GO:0010288, GO:0005576, GO:0050848, GO:0000226, GO:1900452, GO:0010629, GO:1905689, GO:0051260, GO:0003697, GO:0016072, GO:0035091, GO:0006974, GO:0090258, GO:0021954, GO:0010917, IPR001084, GO:0007267, GO:0046785, GO:0030425, GO:0005737, GO:0098930, GO:1990090, GO:0030674, GO:0043005, GO:0048699, GO:0097418, GO:0031116, GO:0034063, GO:0030673, GO:0043025, GO:0097435, GO:0030424, GO:0034452, GO:1903748, GO:0006475, GO:0007416, GO:0031175, GO:1900034, GO:0005874, GO:0042802, GO:0005739, GO:1904428, GO:0048312, GO:1902474, GO:0033044, GO:0051879, GO:0034185, GO:0097386, GO:0030426, GO:0003723, GO:0015630, GO:0070507, GO:0031113, GO:0031110, IPR002955, GO:0071813, GO:0003690, GO:0034614, GO:0003779, GO:0099077, GO:1903829, GO:0048167, GO:0007611, GO:0010506, GO:0019899, GO:0005634",1,4E0O,UniProt
,,,,,,B,Homo sapiens,9606,,,,
,,,,,,C,,,,,,
,,,,,,D,,,,,,
4JLR,4JLR,QVTLRESGPALVKPTQTLTLTCTFSGFSLSTAGMSVGWIRQPPGKALEWLADIWWDDKKHYNPSLKDRLTISKDTSANQVVLKVTNMDPADTATYYCARDMIFNFYFDVWGQGTTVTVSSASTKGPSVFPLAPSSKSTSGGTAALGCLVKDYFPEPVTVSWNSGALTSGVHTFPAVLQSSGLYSLSSVVTVPSSSLGTQTYICNVNHKPSNTKVDKKVEPKSCDK,2,Motavizumab Fab heavy chain,Motavizumab Fab heavy chain,H,Homo sapiens,9606,,1,4JLR,
,,,,,,A,,,,,,
,,DIQMTQSPSTLSASVGDRVTITCSASSRVGYMHWYQQKPGKAPKLLIYDTSKLASGVPSRFSGSGSGTAFTLTISSLQPDDFATYYCFQGSGYPFTFGGGTKVEIKRTVAAPSVFIFPPSDEQLKSGTASVVCLLNNFYPREAKVQWKVDNALQSGNSQESVTEQDSKDSTYSLSSTLTLSKADYEKHKVYACEVTHQGLSSPVTKSFNRGEC,2,Motavizumab Fab light chain,Motavizumab Fab light chain,L,Homo sapiens,9606,,2,4JLR,
,,,,,,B,,,,,,
,,GSRSDMRKDAERRFDKFVEAAKNKFDKFKAALRKGDIKEERRKDMKKLARKEAEQARRAVRNRLSELLSKINDMPITNDQKKLMSNDVLKFAAEAEKKIEALAADAEDKFTQGSWLEHHHHHH,2,RSV_1Isea designed scaffold,RSV_1Isea designed scaffold,S,,,,3,4JLR,
,,,,,,C,,,,,,
6IWB,6IWB,MHHHHHHGSGQRWELALGRFLEYLSWVSTLSEQVQEELLSSQVTQELRALMDETMKELKAYKSELEEQLTPVAEETRARLSKELQAAQARLGADMEDVRGRLVQYRGEVQAMLGQSTEELRVRLASHLIALQLRLIGDAFDLQKRLAVYQAGAAEQ,2,Apolipoprotein E,"Apolipoprotein E, Apo-E",A,Homo sapiens,9606,"PF01442, GO:1900272, GO:0010875, GO:0034365, GO:0050709, GO:0001540, GO:0034364, GO:0043691, GO:0043407, GO:0030669, GO:0015909, GO:1905920, GO:0071830, GO:0071831, GO:1902991, GO:0005543, GO:0048844, GO:0090181, GO:0061771, GO:0010976, GO:0005788, GO:0044877, GO:0042982, GO:0033344, GO:1903561, GO:0034360, GO:0034382, GO:0097114, GO:1905906, GO:0051651, GO:1900221, GO:0000302, GO:0005615, GO:0046983, GO:0090209, GO:0060228, GO:0010544, GO:0042158, GO:0005102, GO:0034374, GO:1905908, GO:0016209, GO:0070374, GO:0007263, GO:0019068, GO:0032489, GO:0046911, GO:1903002, GO:0005886, GO:0050728, GO:1902952, GO:0042632, GO:0031012, GO:0008203, GO:1905860, GO:0030516, GO:0035641, GO:0017038, GO:1905890, GO:0055089, GO:0010467, GO:0034384, GO:0042803, GO:0008289, GO:0005576, GO:0034362, GO:0010596, GO:0006641, GO:0034363, GO:0007186, GO:0042159, GO:0010629, GO:0005198, GO:0071682, GO:0010877, GO:0001937, GO:0045807, GO:0051246, GO:0002021, GO:0006707, GO:0097487, GO:0016020, GO:0097113, GO:0051000, GO:0070062, GO:0062023, GO:0070328, GO:0090090, GO:0043083, GO:0030195, GO:0034372, GO:0030425, GO:0006874, GO:0005737, GO:0060999, GO:0010977, GO:0098978, GO:0045541, GO:0032805, GO:0051248, GO:0007010, GO:0120020, GO:0043537, GO:0048168, GO:0048156, GO:0005794, GO:1902430, GO:0044794, GO:0061136, GO:0043025, GO:0051044, IPR000074, GO:0031175, GO:0042802, GO:0006898, GO:0043395, GO:0043254, GO:0034380, GO:0042470, GO:0034447, GO:0033700, GO:2000822, GO:0019934, GO:1900223, GO:0048662, GO:0090205, GO:0046889, GO:0005319, GO:0043524, GO:0007616, GO:0005769, GO:0042311, GO:0072562, GO:0032438, GO:0045088, GO:0071813, GO:0042627, GO:0046907, GO:1990777, GO:0034375, GO:0045893, GO:0050750, GO:0007271, GO:1902995, GO:0034361, GO:1905907, GO:0019899, GO:0070326, GO:0005634, GO:0008201, GO:0005783",1,6IWB,UniProt
,,,,,,C,,,,,,
,,MAHAGRTGYDNREIVMKYIHYKLSQRGYEWDAGDDVEENRTEAPEGTESEVVHLTLRQAGDDFSRRYRRDFAEMSSQLHLTPFTARGRFATVVEELFRDGVNWGRIVAFFEFGGVMCVESVNREMSPLVDNIALWMTEYLNRHLHTWIQDNGGWDAFVELYGPSMR,2,"Apoptosis regulator Bcl-2,Apoptosis regulator Bcl-2",Apoptosis regulator Bcl-2,B,Homo sapiens,9606,"PF00452, GO:0009410, IPR036834, GO:0032469, GO:0031965, GO:0051902, GO:0002931, GO:0005829, GO:0006915, GO:0009314, GO:2000811, GO:0033138, GO:0001782, GO:0009636, GO:0031069, GO:0014911, GO:0010039, GO:0043565, IPR020731, GO:0007409, GO:0014031, GO:0048536, GO:0051434, GO:2000378, GO:0030336, GO:0010559, GO:0001503, GO:0048546, GO:0010507, GO:0032835, GO:0070233, GO:0014042, GO:0031625, GO:0007015, GO:0042542, GO:0010523, GO:0046930, GO:0030307, GO:0021747, GO:0001952, GO:0051721, GO:0060402, GO:2001240, GO:0035265, IPR046371, GO:0097049, GO:0033687, GO:0022898, GO:0043066, GO:0051881, GO:0001783, GO:0030318, GO:0048599, GO:0002020, GO:0034097, GO:0032991, GO:0005789, GO:0051649, GO:2000669, GO:0008284, IPR020717, GO:0042100, GO:2001234, GO:1902166, GO:0042803, GO:0033033, GO:0051402, GO:0032880, GO:0048743, GO:0140297, GO:0010332, GO:0048864, GO:0006582, GO:0030279, GO:0006974, GO:0008584, IPR004725, GO:0016020, GO:0002326, GO:0014909, GO:0048873, GO:0051924, GO:0003014, GO:0010224, GO:0042149, GO:0071456, IPR003093, GO:0010468, GO:0043065, GO:0030308, IPR002475, GO:0005737, GO:0008625, GO:0033077, GO:0097048, GO:0097192, GO:0000209, GO:0001541, GO:0031647, GO:0033689, GO:0000082, GO:0001656, GO:0022612, GO:0045636, GO:0033028, GO:0046671, GO:0048041, GO:0005741, GO:0060090, GO:0030890, GO:0001658, GO:0051607, GO:1904036, IPR020728, GO:0042802, GO:0002903, GO:0005739, IPR020726, GO:0097138, GO:0043209, GO:0050853, GO:0048538, GO:0048741, GO:0048753, GO:0043583, GO:0007565, GO:0006959, GO:0072593, GO:0070231, GO:0042551, IPR013278, GO:0046982, GO:1904019, GO:0043029, GO:0043375, GO:2001243, GO:0043524, GO:0051384, GO:0002320, IPR026298, GO:0060218, GO:0008630, GO:2000134, GO:0006808, GO:0045069, GO:0032848, GO:0031103, GO:0070059, GO:0040018, GO:0001662, GO:0015267, GO:0098609, GO:0035094, GO:0071310, GO:0046666, GO:0016248, GO:0046902, GO:0001836, GO:0008631, GO:0009791, GO:2000672, GO:0005634, GO:0005783",2,6IWB,UniProt
,,,,,,D,Homo sapiens,9606,,,,
6XXV,6XXV,MGCVAETGEFTREVQLVESGGGLAKPGGSLRLSCAASGFTFSPYWMYWVRQAPGKGLEWVSVINSGGGITYYTDSVKGRFTISRENAKNTLYLQMDSLRPEDTAVYYCVRDRTYYSGVYYTEDGLDSWGQGVLVTVSSASTKGPSVFPLAPSSKSTSGGTAALGCLVKDYFPEPVTVSWNSGALTSGVHTFPAVLQSSGLYSLSSVVTVPSSSLGTQTYICNVNHKPSNTKVDKKVEPKSCDGTKHHHHHH,2,"Antibody C57, Heavy Chain","Antibody C57, Heavy Chain",A,Homo sapiens,9606,,1,6XXV,
,,,,,,D,,,,,,
,,MGCVAETGTRDIQMTQSPSSLSASVGDRVTVTCRAGQGVSNYLSWYQQKPGKVPKLLIYKASSLQSGVPSRFSGSGSGTEFTLTISSLQPEDFATYYCLQHNIHPYSFGQGTKVEIKRTVAAPSVFIFPPSDEQLKSGTASVVCLLNNFYPREAKVQWKVDNALQSGNSQESVTEQDSKDSTYSLSSTLTLSKADYEKHKVYACEVTHQGLSSPVTKSFNRGECGTKHHHHHH,2,"Antibody C57, Light Chain","Antibody C57, Light Chain",B,Homo sapiens,9606,,2,6XXV,
,,,,,,E,,,,,,
,,MASREDMREEADEDFKSFVEAAKDNFNKFKARLRKGKITREHREMMKKLAKQNANKAKEAVRKRLSELLSKINDMPITNDQKKLMSNQVLQFADDAEAEIDQLAAKATKEFTGGSWLEHHHHHH,2,S2_1.2,S2_1.2,C,Homo sapiens,9606,,3,6XXV,
,,,,,,F,,,,,,
6YWC,6YWC,MGCVAETGEFTRQVTLKESGPGILQPSQTLSLTCSFSGFSLSTSGMGVSWIRQPSGKGLEWLAHIYWDDDKRYNPSLKSRLTISKDTSRNQVFLKITSVDTADTATYYCARLYGFTYGFAYWGQGTLVTVSSASTKGPSVFPLAPSSKSTSGGTAALGCLVKDYFPEPVTVSWNSGALTSGVHTFPAVLQSSGLYSLSSVVTVPSSSLGTETYICNVNHKPSNTKVDKKVEPKSCDGTKHHHHHH,2,"Antibody 101F, Heavy Chain","Antibody 101F, Heavy Chain",A,Homo sapiens,9606,,1,6YWC,
,,,,,,D,,,,,,
,,MGCVAETGTRDIVLTQSPASLAVSLGQRATIFCRASQSVDYNGISYMHWFQQKPGQPPKLLIYAASNPESGIPARFTGSGSGTDFTLNIHPVEEEDAATYYCQQIIEDPWTFGGGTKLEIKRTVAAPSVFIFPPSDEQLKSGTASVVCLLNNFYPREAKVQWKVDNALQSGNSQESVTEQDSKDSTYSLSSTLTLSKADYEKHKVYACEVTHQGLSSPVTKSFNRGECGTKHHHHHH,2,"Antibody 101F, light chain","Antibody 101F, light chain",B,Homo sapiens,9606,,2,6YWC,
,,,,,,E,,,,,,
,,MKYFDCTVSGERGIIKTYGIQLPEEALKEHVREYVEKLREGSAITITCTAGDRVFKFKDKVGSWGSHHHHHH,2,De novo design 4E1H_95,De novo design 4E1H_95,C,synthetic construct,32630,,3,6YWC,
,,,,,,F,,,,,,
6YWD,6YWD,MGCVAETGQVTLRESGPALVKPTQTLTLTCTFSGFSLSTAGMSVGWIRQPPGKALEWLADIWWDDKKHYNPSLKDRLTISKDTSKNQVVLKVTNMDPADTATYYCARDMIFNFYFDVWGQGTTVTVSSASTKGPSVFPLAPSSKSTSGGTAALGCLVKDYFPEPVTVSWNSGALTSGVHTFPAVLQSSGLYSLSSVVTVPSSSLGTQTYICNVNHKPSNTKVDKKVEPKSCDK,1,"Antibody Mota, Heavy Chain","Antibody Mota, Heavy Chain",A,Homo sapiens,9606,,1,6YWD,
,,MGCVAETGDIQMTQSPSTLSASVGDRVTITCSASSRVGYMHWYQQKPGKAPKLLIYDTSKLASGVPSRFSGSGSGTEFTLTISSLQPDDFATYYCFQGSGYPFTFGGGTKVEIKRTVAAPSVFIFPPSDEQLKSGTASVVCLLNNFYPREAKVQWKVDNALQSGNSQESVTEQDSKDSTYSLSSTLTLSKADYEKHKVYACEVTHQGLSSPVTKSFNRGEC,1,"Antibody Mota, Light Chain","Antibody Mota, Light Chain",B,Homo sapiens,9606,,2,6YWD,
,,MEVERELRNWLSEVLSKINDAPVTNDIKKAISNQVLKVAEQVWNGHSKEELQERVRKEVCSVCSNVPACWAICGGLLEVVKYQGSHHHHHH,1,De novo designed protein 4H_01,De novo designed protein 4H_01,C,synthetic construct,32630,,3,6YWD,
